file_name,file_title,file_url,file_pages
02_01_インフロニアＨＤ_2026年3月期第３四半期アナリスト向け決算説明会資料　プレゼンテーション資料 .pdf,02_01_インフロニアＨＤ_2026年3月期第３四半期アナリスト向け決算説明会資料　プレゼンテーション資料 ,NULL,13
02_02_セガサミーＨＤ_2026年3月期 第3四半期決算プレゼンテーション .pdf,02_02_セガサミーＨＤ_2026年3月期 第3四半期決算プレゼンテーション ,NULL,54
02_03_トヨタ自_2026年3月期第３四半期決算報告プレゼンテーション資料 .pdf,02_03_トヨタ自_2026年3月期第３四半期決算報告プレゼンテーション資料 ,NULL,26
02_04_マツダ_2026年３月期 第3四半期決算 プレゼンテーション資料 .pdf,02_04_マツダ_2026年３月期 第3四半期決算 プレゼンテーション資料 ,NULL,33
02_05_レオパレス２１_2026年3月期 第3四半期プレゼンテーション資料 .pdf,02_05_レオパレス２１_2026年3月期 第3四半期プレゼンテーション資料 ,NULL,29
02_06_大瓦斯_Daigasグループ　2026年3月期　第3四半期決算　プレゼンテーション資料 .pdf,02_06_大瓦斯_Daigasグループ　2026年3月期　第3四半期決算　プレゼンテーション資料 ,NULL,33
02_07_ＨＯＹＡ_2026年3月期 第３四半期 決算説明会プレゼンテーション資料 .pdf,02_07_ＨＯＹＡ_2026年3月期 第３四半期 決算説明会プレゼンテーション資料 ,NULL,23
02_08_ＪＣＲファーマ_2026年3月期 第3四半期 決算説明会 プレゼンテーション資料 .pdf,02_08_ＪＣＲファーマ_2026年3月期 第3四半期 決算説明会 プレゼンテーション資料 ,NULL,29
02_09_ＪＴ_2025年度 決算説明会資料（Allプレゼンテーション） .pdf,02_09_ＪＴ_2025年度 決算説明会資料（Allプレゼンテーション） ,NULL,0
