q_id,question,question_type,difficulty,ref_answer,ref_evidence,ref_file,ref_page
Q0001,IPAの「DX動向 2025」において、DXを推進する人材が不足していると回答した日本企業の割合は何パーセントですか？,answerable,simple,日本企業の85.1%が、DXを推進する人材が不足している（「やや不足している」「大幅に不足している」の合計）と回答しています。,「DX 動向 2025」によれば日本企業の 85.1%で DX を推進する人材が不足していることが示され,AI時代のデジタル人材育成.pdf,1
Q0002,世界経済フォーラム（WEF）の「仕事の未来レポート 2025」では、2025年から2030年の間に世界の雇用構造にどのような変化が起きると予測されていますか？,answerable,reasoning,現在の総雇用の14%に相当する新規雇用が創出される一方で、8%に相当する雇用が失われ、結果として現在の総雇用の22%に相当する大規模な雇用構造の変化が予測されています。,2025 年から 2030 年の間に現在の総雇用の 14%に相当する新規雇用が創出される一方で 8%に相当する雇用が失われ、結果として現在の総雇用の 22%に相当する大規模な雇用構造の変化が予測されている。,AI時代のデジタル人材育成.pdf,7
Q0003,日本企業における人材育成の現状について、リクルートワークス研究所の調査に基づき、OJTの実施割合と自己啓発の実施状況の他国との比較を説明してください。,answerable,multi_chunk,日本は、OJTを受けた割合および自分の意志で仕事に関わる知識・技術の向上に取り組んだ自己啓発の割合のいずれにおいても、調査対象国（日本、独、仏、英、米、中、スウェーデン）の中で最も低い水準にあります。,OJT を受けた割合は、日本は調査対象国（日本、ドイツ、フランス、英国、米国、中国、スウェーデン）の中で最も低い。また、個人による学習の取組についても、日本が調査対象国の中で最も低い。,AI時代のデジタル人材育成.pdf,"5,6"
Q0004,札幌AIラボが運営する「札幌 AI 道場」で実施されているPBL（Project-Based Learning）の具体的な仕組みと、2022年8月以降の支援実績について述べてください。,answerable,reasoning,"北海道大学発のAIベンチャー等が師範役となり、AI人材育成を希望する地域のIT企業と、課題・データを提供する企業をマッチングして1年間のPBLを実施する仕組みです。2022年8月の開設以降、累計1,000人を超えるスキルアップを支援しています。","AI 研究開発のベンチャーである企業等が師範役を担い、地域の IT 企業と、課題提供企業とをマッチングして 1 年間の PBLを実施する。2022 年 8 月の開設以降、累計 1,000 人を超える",AI時代のデジタル人材育成.pdf,11
Q0005,「AI-Enabled Information and Communication Technology Workforce Consortium」が掲げている、2030年までに達成すべき具体的なAI開発予算の目標額はいくらですか？,unanswerable,N/A,,,AI時代のデジタル人材育成.pdf,
Q0006,北海道大学の川村秀憲教授が指摘する、AIの進歩によってITエンジニアに求められるようになる「AIに代替されにくいスキル」とは具体的に何ですか？,answerable,simple,AIには本質的に理解できない「人間の感性」に関わる要素や、「上位概念をデザインしていくスキル」が求められると指摘しています。,今後の IT エンジニアには AI に代替されにくい人間の感性や上位概念のデザイン力が求められると指摘する。,AI時代のデジタル人材育成.pdf,1
Q0007,IPAの「DX動向2024」調査において、中堅企業におけるIT分野の見識がある役員が「いない」企業の割合は、大企業と比較してどのような傾向にありますか。,answerable,simple,中堅企業においてIT分野の見識がある役員が「いない」割合は26.9%であり、大企業の14.8%と比較して2倍近い（2倍弱）水準となっています。,IT 分野に見識がある役員が「いない」割合が大企業の 2 倍近くになっている。/ 図表 8 より中堅企業は 26.9%、大企業は 14.8%。,DX動向2024-中堅企業のDXの取組についての考察.pdf,10
Q0008,本報告書において、従業員規模による企業の分類として「中堅企業」および「大企業」はそれぞれ何人と定義されていますか。,answerable,simple,「中堅企業」は従業員数101人以上1000人以下の企業、「大企業」は1001人以上の企業と定義されています。,101 人以上 1000 人以下の企業を「中堅企業」、1001 人以上の企業を「大企業」と呼ぶこととする,DX動向2024-中堅企業のDXの取組についての考察.pdf,3
Q0009,「DX動向2024」の分析に基づき、中堅企業がDXの上位段階の成果を得るために、デジタル以前から取り組むべき課題として挙げられていることは何ですか。,answerable,reasoning,ビジネスモデルの変革や企業文化・組織マインドの変革といった上位の成果を得るためには、デジタル以前から取り組むべき「企業文化の改革」が課題として挙げられています。,ビジネスモデルの変革や企業文化・組織マインドの変革といった上位の DX の取組における成果が十分に得られない一因と推察される。デジタル以前から取組むべき企業文化の改革も課題である。,DX動向2024-中堅企業のDXの取組についての考察.pdf,12
Q0010,中堅企業のDX推進において、2022年度調査と2023年度調査の日本国内における取組割合の変化と、米国企業（2022年度）との比較について述べてください。,answerable,multi_chunk,中堅企業のDX取組割合は、2022年度の72.8%から2023年度には85.6%に伸びており、2022年度調査の米国中堅企業の割合（95.1%）に近づくことが期待される状況です。,中堅企業の取組割合も 72.8%から 85.6%に伸びており、今後、大企業レベルに近づくことが期待される。/ 図表1 2022年度米国(n=182) 95.1,DX動向2024-中堅企業のDXの取組についての考察.pdf,4
Q0011,中堅企業がDXを推進する人材を確保する際、社内人材の育成・活用が困難になっている背景には、どのような業務環境の課題が関係していると推察されていますか。,answerable,multi_chunk,仕事に余裕がなく、各部署の業務量や人員の調整が難しいため、社内教育のための時間を作り出すことが容易でないことが、デジタルリテラシー向上の取組を妨げ、結果として社内人材の育成を難しくしています。,仕事に余裕がなく、従業員のデジタルリテラシーの向上の取組が進まず、その結果、社内の人材の育成・活用が難しいことが推察された。/ 各部署の業務量や人員を調整して社内教育のための時間を作り出すことが容易でない,DX動向2024-中堅企業のDXの取組についての考察.pdf,"1,10"
Q0012,IPAの調査分析によれば、2024年における日本の中堅企業の平均的なDX予算額は、前年度と比較して具体的に何円増加しましたか。,unanswerable,N/A,,,DX動向2024-中堅企業のDXの取組についての考察.pdf,
Q0013,本報告書で提案されている、中堅企業が「新技術を活用したビジネスにリスクをとってチャレンジする」ために、事前に到達しておくべき組織の状態は何ですか。,answerable,reasoning,企業として一定のデジタルへの対応力（デジタル力）が付いてきた状況であることが、リスクをとってチャレンジするための前提条件として挙げられています。,企業として一定のデジタルへの対応力が付いてきた状況で、一体となって新技術を活用したビジネスにリスクをとってチャレンジしていくことが最重要と考えられる。,DX動向2024-中堅企業のDXの取組についての考察.pdf,"1,12"
Q0014,「DX動向2024調査」において、顧客起点の価値創出によるビジネスモデルの根本的変革などの本格的なDXで成果が出ている日本企業の割合は何割程度ですか。,answerable,simple,約2割にとどまっています。,本格的なデジタルトランスフォーメーションの成果が出ている企業の割合は約 2 割にとどまる。,DX動向2024-日本企業が直面するDXの2つの崖壁と課題.pdf,1
Q0015,"IPAの「DX動向2024調査」における、従業員数1,001人以上の企業と100人以下の企業でのDX取組割合の差は何パーセントポイントですか。",answerable,reasoning,51.9パーセントポイントです（96.6% - 44.7%）。,"従業員規模が大きい企業（1,001 人以上）では 96.6％が DX の取組を行い、…従業員数 100 人以下の規模の小さい企業の取組割合は 44.7%にとどまり",DX動向2024-日本企業が直面するDXの2つの崖壁と課題.pdf,4
Q0016,DX動向2024の分析において、DXの段階に応じた「2つの崖壁」のうち、第2の崖壁は何に関連するものとして定義されていますか。,answerable,simple,ビジネスモデルの根本的変革等に関連する壁として定義されています。,2割の企業しか超えられていない第2の崖壁（ビジネスモデルの根本的変革等）が存在することを示した,DX動向2024-日本企業が直面するDXの2つの崖壁と課題.pdf,16
Q0017,「DX動向2024調査」の結果に基づき、日本企業と2022年度の米国企業を比較した際、「IT分野に見識のある役員割合（3割以上）」にはどのような差がありますか。,answerable,multi_chunk,米国企業では65.4%であるのに対し、日本企業全体では16.9%と低く、大きな差があります。また、日本で成果を上げているBX企業に限定しても39.4%にとどまり、米国企業の水準を下回っています。,米国企業では 65.4%であるのに対し、日本企業では 16.9%と低く、…BX 企業においても…39.4%にとどまり、その割合は米国企業に比べ低い。,DX動向2024-日本企業が直面するDXの2つの崖壁と課題.pdf,11
Q0018,DX動向2024の別表によると、BX成果あり企業において「最先端の仕事ができる」という企業文化・風土の項目の回答割合は何%ですか。,answerable,simple,37.3%です。,最先端の仕事ができる BX 成果あり 37.3,DX動向2024-日本企業が直面するDXの2つの崖壁と課題.pdf,19
Q0019,「DX動向2024調査」の分析で用いられている「取組指数」の算出式において、分母となる値は何ですか。,answerable,reasoning,BX、PXの成果有無を問わない取組割合（平均値）です。,取組指数（BX、PX）= (BXまたはPX成果あり企業の取組割合 - 成果なし企業の取組割合) / BX、PXの成果有無を問わない取組割合,DX動向2024-日本企業が直面するDXの2つの崖壁と課題.pdf,10
Q0020,DX動向2024において、コア事業のITシステム開発を「内製による自社開発」で行っているBX成果あり企業の割合と、PX成果あり企業の割合をそれぞれ答えてください。,answerable,multi_chunk,BX成果あり企業は50.0%、PX成果あり企業は41.6%です。,コア事業/内製による自社開発 BX 成果あり 50.0 PX 成果あり 41.6,DX動向2024-日本企業が直面するDXの2つの崖壁と課題.pdf,19
Q0021,DX動向2024のレポート内で、2025年以降の経済損失が最大12兆円にのぼると予測されている「2025年の崖」を回避するための具体的な予算編成ガイドラインは提示されていますか。,unanswerable,N/A,,,DX動向2024-日本企業が直面するDXの2つの崖壁と課題.pdf,
Q0022,「DX動向2024調査」を実施した際に、回答企業に対して支払われた謝礼金の具体的な金額はいくらですか。,unanswerable,N/A,,,DX動向2024-日本企業が直面するDXの2つの崖壁と課題.pdf,
Q0023,DX動向2024の図表3-1において、デジタライゼーションに分類される取組内容にはどのようなものがありますか。,answerable,simple,「業務の効率化による生産性の向上」と「既存製品・サービスの高付加価値化」の2つが挙げられています。,デジタライゼーション 2.業務の効率化による生産性の向上 3.既存製品・サービスの高付加価値化,DX動向2024-日本企業が直面するDXの2つの崖壁と課題.pdf,5
Q0024,「DX動向2024調査」において、DXを推進する人材が「大幅に不足している」と回答した日本企業の割合は何%ですか。,answerable,simple,62.1%です。,「大幅に不足している」と回答する企業の割合 62.1%と調査開始以降初めて過半数を越え、DXを推進する人材の不足は深刻化している,DX動向2024-深刻化するDXを推進する人材不足と課題.pdf,3
Q0025,IPAが定義する「DX推進スキル標準（DSS-P）」の5つの人材類型のうち、データ利活用の需要を背景に2番目に不足感が強いとされているのはどの類型ですか。,answerable,reasoning,データサイエンティストです。,最も割合が高い人材類型は「ビジネスアーキテト」であり、次いで「データサイエンティスト」の順となっている。…「データサイエンティスト」は、データ利活用需要がその背景となっている。,DX動向2024-深刻化するDXを推進する人材不足と課題.pdf,4
Q0026,「DX動向2024調査」の結果に基づき、DXの成果が出ている企業と出ていない企業の間で、人材の「大幅な不足」を感じている割合にはどのような差がありますか。,answerable,multi_chunk,成果が出ている企業は、成果を上げていない企業に比較して「大幅に不足している」と回答した割合が18.9%少ないという結果が出ています。,「成果が出ている」企業では、成果を上げていない企業に比較して、「大幅に不足している」と回答した企業の割合が、2割弱（18.9%）少ないことが分かり,DX動向2024-深刻化するDXを推進する人材不足と課題.pdf,7
Q0027,日本企業における「システム開発の内製化」という取組において、人材関連で課題を感じている企業の割合は具体的に何%とされていますか。,answerable,simple,87.4%です。,システム開発の内製化 人材の確保や育成が難しい 87.4 1,DX動向2024-深刻化するDXを推進する人材不足と課題.pdf,7
Q0028,「DX動向2024調査」において、DXを推進する人材の獲得・確保の方法として、日本企業と米国企業で最も顕著な違いは何ですか。,answerable,reasoning,日本企業は「社内人材の育成」の割合が最も高いのに対し、米国企業は「特定技術を有する企業、個人との契約」や「リファラル採用」の割合が高いという、内部育成重視の日本と外部活用重視の米国という特徴の違いがあります。,米国企業が「特定技術を有する企業、個人との契約」「リファラル採用…」の割合が高い点、「社内人材の育成」「既存人材…の活用」が低く、外部の活用・採用を行う米国企業、内部人材育成・活用を行う日本企業という特徴が見られる。,DX動向2024-深刻化するDXを推進する人材不足と課題.pdf,9
Q0029,「DX動向2024調査」の分析によると、DXを推進する人材の評価基準を「持っている企業」と「持っていない企業」では、人材不足の状況にどのような相関がありますか。,answerable,multi_chunk,評価基準がある企業は、ない企業に比べて「大幅に不足している」と回答する割合が25%低くなっており、基準を持つことが人材不足の緩和に寄与する可能性が示されています。,「基準がある」企業では、「大幅に不足している」と回答する企業の割合が、「基準はない」企業に比べ 25%低い（図表 4-10）。,DX動向2024-深刻化するDXを推進する人材不足と課題.pdf,16
Q0030,2020年の国勢調査に基づくと、日本のIT専門人材（約125万人）のうち、ユーザー企業に所属している割合は何%ですか。,answerable,simple,26%です（IT関連企業が74%、ユーザー企業が26%の比率）。,日本の IT 関連企業 17とユーザー企業に所属する人材数の割合は、74:26 であり、IT 関連企業に所属する人材の割合が高い。,DX動向2024-深刻化するDXを推進する人材不足と課題.pdf,22
Q0031,「DX動向2024調査」において、デジタルリテラシー向上の取組を「全社的に取り組んでいる」と回答した日本企業の割合は2023年度時点で何%ですか。,answerable,simple,39%です。,39%の企業が「全社的に取組んでいる」（図表 4-12）。,DX動向2024-深刻化するDXを推進する人材不足と課題.pdf,18
Q0032,「DX動向2024調査」を実施した際に、アンケートの回答を寄せた日本企業の総数は何社ですか。,unanswerable,N/A,,,DX動向2024-深刻化するDXを推進する人材不足と課題.pdf,
Q0033,IPAの「DX動向2024」において、2030年までに日本のIT専門人材不足が何万人まで拡大すると予測されていますか。,unanswerable,N/A,,,DX動向2024-深刻化するDXを推進する人材不足と課題.pdf,
Q0034,「DX動向2025調査」において、日本企業のDX取組割合は何パーセントと報告されていますか？,answerable,simple,日本企業のDX取組割合は、回答企業の77.8%（約8割）です。,「DXに取組んでいる」とする3種の回答率の合計は、回答企業の77.8%であり、米国企業の取組割合（76.8%）と同水準、ドイツ企業の68.1%を上回る。,DX動向2025-成長のためのDXに求められる取組.pdf,3
Q0035,IPAの「DX動向2025」によると、日本企業が経営面の成果として「コスト削減」を挙げた割合は、米国やドイツと比較してどのような特徴がありますか？,answerable,reasoning,日本企業は71.1%がコスト削減の成果を挙げており、米国企業やドイツ企業と比較して高い割合となっています。,日本企業では、DXの経営面での成果として「コスト削減」と回答する割合が71.1%であり米独企業と比べ高い。,DX動向2025-成長のためのDXに求められる取組.pdf,5
Q0036,「DX動向2025調査」における日本企業の業種別の取組状況で、「全社戦略に基づき、全社的にDXに取組んでいる」割合が最も高い業種は何ですか？,answerable,simple,「金融業、保険業」が49.6%で最も高い割合となっています。,「全社戦略に基づき、全社的にDXに取組んでいる」割合が高い日本企業の業種は、「金融業、保険業」「情報通信業」「製造業等」の順となっている,DX動向2025-成長のためのDXに求められる取組.pdf,4
Q0037,「DX動向2025」の分析において、成長のDXと効率化のDXの両方で成果を上げている日本企業と、効率化のみで成果を上げている日本企業の間で、取組割合に大きな差異（50%以上の差）がある項目を1つ挙げてください。,answerable,multi_chunk,「外部組織との連携」や「経営者・IT部門・業務部門の協調」、「業務プロセス全社最適化の取組」などが挙げられます。,差異が大きい項目として「外部組織連携」「経営者・IT部門・業務部門の協調」「業務プロセス全社最適化の取組」...が挙げられる。,DX動向2025-成長のためのDXに求められる取組.pdf,11
Q0038,「DX動向2025」の図表4-1で定義されている「デジタライゼーション」に該当する具体的な取組内容には何が含まれますか？,answerable,simple,「業務の効率化による生産性の向上（業務効率化）」および「既存製品・サービスの高付加価値化（既存製品の高付加価値化）」が含まれます。,デジタライゼーション 2.業務の効率化による生産性の向上（業務効率化） 3.既存製品・サービスの高付加価値化（既存製品の高付加価値化）,DX動向2025-成長のためのDXに求められる取組.pdf,6
Q0039,IPAの報告書によると、日本企業における「成長のDX」と「効率化のDX」の両方で成果を上げている企業の割合は、調査対象の何パーセントですか？,answerable,reasoning,"日本企業（1,011社対象）のうち、両方で成果を上げた企業の割合は26.8%です。",日本企業は、効率化のDX、成長のDXの両方で成果を上げた企業の割合は、両方に取組む企業の26.8%,DX動向2025-成長のためのDXに求められる取組.pdf,8
Q0040,「DX動向2025」の付録に記載された回帰分析（別表2）において、成長・効率化両方のDX成果創出に最も寄与度（係数β）が高い説明変数は何ですか？,answerable,simple,「成果指標の設定」であり、係数βは0.537です。,説明変数となる各項目の回帰係数βの値が大きい上位は「成果指標の設定」「外部組織連携」...である。成果指標の設定 0.537,DX動向2025-成長のためのDXに求められる取組.pdf,20
Q0041,「DX動向2025」の調査結果に基づき、日本企業が米国企業よりも高い割合で実施している人材確保・育成に関する取組は何ですか？,answerable,multi_chunk,「社内の人材育成」や「既存人材の活用」です。,日本企業の割合が米国企業に比べ高い項目には、「社内の人材育成」、「既存人材の活用」の割合が高い他,DX動向2025-成長のためのDXに求められる取組.pdf,9
Q0042,「DX動向2025調査」において、中国企業のDX推進状況と日本企業の差異についてどのように述べられていますか？,unanswerable,N/A,,,DX動向2025-成長のためのDXに求められる取組.pdf,
Q0043,IPAが「DX動向2025」で提言している、2030年までの具体的な日本のIT投資額の目標値はいくらですか？,unanswerable,N/A,,,DX動向2025-成長のためのDXに求められる取組.pdf,
Q0044,IPAの「DX白書2023」における詳細分析において、日本のグループ3（デジタルトランスフォーメーション段階）企業の割合は何パーセントとされていますか？,answerable,simple,日本のグループ3企業の割合は4.6%です。,グループ3企業の割合では日本 4.6%、米国 25.4%、グループ 1 以上でも日本 31.7%、米国 63.2%と DX の段階には開きがあることが分かる。,DX推進の段階毎の企業の課題と考察.pdf,3
Q0045,「2022年度調査」に基づいた分類で、グループ2（デジタライゼーション段階）に該当するDXの取組内容の項目をすべて挙げてください。,answerable,simple,「2. 業務の効率化による生産性の向上」と「3. 既存製品・サービスの高付加価値化」の2項目です。,「2. 業務の効率化による生産性の向上」「3. 既存製品・サービスの高付加価値化」の 2 項目がデジタライゼーション、,DX推進の段階毎の企業の課題と考察.pdf,3
Q0046,IPAの調査において、日本のグループ3企業と米国企業を比較した際、IT分野に見識がある役員が5割以上いる割合にはどのような差がありますか？,answerable,reasoning,日本のグループ3企業では32.0%であるのに対し、米国のグループ3企業では45.8%となっており、日本の方が13.8ポイント低くなっています。,日本のグループ 3 企業でも 5 割以上いる割合は 30%程度と米国企業に比較して低い。図表- 36 IT に見識のある役員が 5 割以上（グループ 3 企業）（%）,DX推進の段階毎の企業の課題と考察.pdf,19
Q0047,"図表-3および図表-4を参照し、日本のグループ3企業（n=25）のうち、従業員数が1,000人以上の企業の具体的な「件数」を算出してください。",answerable,reasoning,"グループ3（日本）の件数25件に対し、1,000人以上の割合が52.0%であるため、13件となります。","図表- 3 日本 件数 25。図表- 4 グループ 3（日本）n=25 1,000 人以上 52.0。",DX推進の段階毎の企業の課題と考察.pdf,3
Q0048,「DX推進の段階毎の企業の課題と考察」において、グループ1からグループ2、あるいはグループ2からグループ3への移行を阻害する要因として挙げられている「戦略」領域の項目は何ですか？,answerable,multi_chunk,継続的・安定的な予算確保、CDO・専門部署の設置、新規製品・サービスの創出サプライチェーン、DX推進プロセス全般、システムの迅速な更新・拡張やデータ利活用、デジタルサービス事業の成果評価、新しいビジネスの取組全般が挙げられています。,図表- 31 グループ 1・2 とグループ 3 企業間の DX の取組比較 領域 戦略 ・継続的・安定的な予算確保 ・CDO、専門部署の設置 ・新規製品・サービスの創出サプライチェーン,DX推進の段階毎の企業の課題と考察.pdf,17
Q0049,IPAの分析によると、日本のグループ3企業における「CDO（最高デジタル責任者）がいる」割合と「専門部署がある」割合は、それぞれ何パーセントですか？,answerable,multi_chunk,CDOがいる割合は60.0%、専門部署がある割合は80.0%です。,図表- 9 CDO がいる（%） グループ3(n=25) 60.0。図表- 10 専門部署がある（%） グループ3(n=25) 80.0。,DX推進の段階毎の企業の課題と考察.pdf,6
Q0050,日本のグループ3企業において、DX推進プロセスの達成度のうち「古い慣習の撤廃と新しい慣習への適合」の数値が他の項目と比べて低いことについて、本文ではどのように述べられていますか？,answerable,reasoning,他の項目と比較してやや低く、既存の慣習からの脱却・刷新への対応が課題となっていることが伺えると述べられています。,日本のグループ 3 企業では古い慣習の撤廃と新しい慣習への適合を達成している割合は、他の項目と比較してやや低く、既存の慣習からの脱却・刷新への対応が課題となっている,DX推進の段階毎の企業の課題と考察.pdf,21
Q0051,加藤喜章氏による本ディスカッション・ペーパーにおいて、2022年度調査の日本企業アンケートの回収数と実施期間を教えてください。,answerable,simple,回収数は543社、実施期間は2022年6月28日から2022年7月28日です。,図表- 58 企業を中心とした DX 推進に関する調査概要（2022 年度調査） 日本企業アンケート 回収数 543 社 実施期間 2022 年 6 月 28 日～2022 年 7 月 28 日,DX推進の段階毎の企業の課題と考察.pdf,32
Q0052,IPAの調査結果に基づき、2024年以降に日本のグループ3企業が優先的に導入すべき具体的なサイバーセキュリティ製品の名称と価格リストを教えてください。,unanswerable,N/A,,,DX推進の段階毎の企業の課題と考察.pdf,
Q0053,本稿で分析されている「2022年度調査」において、回答企業が支払った調査協力謝礼金の具体的な金額はいくらですか？,unanswerable,N/A,,,DX推進の段階毎の企業の課題と考察.pdf,
Q0054,AI事業者ガイドライン別添において、RAG（Retrieval-Augmented Generation）はどのように定義されていますか？,answerable,simple,RAGは、「事前学習されたパラメトリックメモリと非パラメトリックメモリ（すなわち検索ベースのメモリ）を組み合わせた言語生成モデル」と定義されています。,RAG は、「事前学習されたパラメトリックメモリと非パラメトリックメモリ（すなわち検索ベースのメモリ）を組み合わせた言語生成モデル」と定義されている。,「AI事業者ガイドライン（第1.1版）別添」.pdf,6
Q0055,AI事業者ガイドライン別添の「表2. AIシステム・サービス例」によると、無人コンビニのケースにおいてAI開発者、AI提供者、AI利用者はそれぞれどの主体ですか？,answerable,reasoning,AI開発者はX社、AI提供者はJ社（AIシステム開発部及びコンビニ事業部）、AI利用者はコンビニ店舗です。,無人コンビニ | 画像解析 | AI開発者：X社 | AI提供者：J社（AIシステム開発部及びコンビニ事業部） | AI利用者：コンビニ店舗,「AI事業者ガイドライン（第1.1版）別添」.pdf,8
Q0056,AI事業者ガイドライン別添の「行動目標一覧」において、分類「4.運用」に含まれる3つの具体的な行動目標をすべて挙げてください。,answerable,simple,4-1 AIマネジメントシステム運用状況の説明可能な状態の確保、4-2 個々のAIシステム運用状況の説明可能な状態の確保、4-3 AIガバナンスの実践状況の積極的な開示の検討、の3つです。,"4-1 AI マネジメントシステム運用状況の説明可能な状態の確保
4-2 個々の AI システム運用状況の説明可能な状態の確保
4-3 AI ガバナンスの実践状況の積極的な開示の検討",「AI事業者ガイドライン（第1.1版）別添」.pdf,24
Q0057,AI事業者ガイドライン別添の「AIによるリスク例の体系的な分類案」において、社会的リスクの中分類「倫理・法に関するリスク」に該当する具体的なリスク例をすべて答えてください。,answerable,reasoning,個人情報の不適切な取扱い、生命等に関わる事故の発生、トリアージにおける差別、過度な依存、悪用の5つです。,倫理・法に関するリスク | 個人情報の不適切な取扱い、生命等に関わる事故の発生、トリアージにおける差別、過度な依存、悪用,「AI事業者ガイドライン（第1.1版）別添」.pdf,19
Q0058,AI事業者ガイドライン別添の「別添 3.AI 開発者向け」において、AI開発者が「適切なデータの学習（D-2）i.）」を実践する際の具体的な手法として挙げられている「差分プライバシー」とは何ですか？,answerable,simple,AI開発者が実際のデータを知ることがないように、データにノイズを加えることです。,"差分プライバシー
AI 開発者が実際のデータを知ることがないように、データにノイズを加えること",「AI事業者ガイドライン（第1.1版）別添」.pdf,85
Q0059,AI事業者ガイドライン別添に記載されている「神戸市におけるAI活用のためのルール整備」の事例において、リスクアセスメントの項目として定められている10項目をすべて挙げてください。,answerable,reasoning,①人間中心、②影響範囲の特定、③プライバシーの保護、④安全性の確保、⑤透明性の確保、⑥公平性の確保（バイアスへの対策）、⑦セキュリティの確保、⑧アカウンタビリティの確保、⑨職員への教育、⑩判断の責任、の10項目です。,リスクアセスメントの項目として、①人間中心、②影響範囲の特定、③プライバシーの保護、④安全性の確保、⑤透明性の確保、⑥公平性の確保（バイアスへの対策）、⑦セキュリティの確保、⑧アカウンタビリティの確保、⑨職員への教育、⑩判断の責任を定めている。,「AI事業者ガイドライン（第1.1版）別添」.pdf,82
Q0060,AI事業者ガイドライン別添において、AI提供者（P）とAI利用者（U）の両方の主体に対して共通して求められている「透明性」に関する重要事項は何ですか？表1に基づいて答えてください。,answerable,multi_chunk,「関連するステークホルダーへの情報提供」です。AI提供者（P）の重要事項ii.およびAI利用者（U）の重要事項i.として共通して記載されています。,"第4部. AI提供者（P） 6)透明性 ii.関連するステークホルダーへの情報提供
第5部. AI利用者（U） 6)透明性 i.関連するステークホルダーへの情報提供",「AI事業者ガイドライン（第1.1版）別添」.pdf,4
Q0061,AI事業者ガイドライン別添の「契約モデルの多様化」に関する記述において、経済産業省が2025年2月に策定した、AIの利活用に関する契約検討用の資料の名称は何ですか？,answerable,simple,「AIの利用・開発に関する契約チェックリスト」です。,経済産業省は、2025 年 2 月、我が国の事業者が AI の利活用に関する契約を検討する場面を念頭に、契約において留意するべき事項を取りまとめたチェックリスト（以下、「契約チェックリスト」という。）を策定した,「AI事業者ガイドライン（第1.1版）別添」.pdf,170
Q0062,AI事業者ガイドライン別添において、ソフトバンクが策定した「ソフトバンク AI 倫理ポリシー」をグループ会社に適用した際、2025年末時点での適用社数は何社になると予測されていますか？,unanswerable,N/A,,,「AI事業者ガイドライン（第1.1版）別添」.pdf,
Q0063,AI事業者ガイドライン別添に記載されている「コラム 10：NTT DATA の AI ガバナンスに関する取組」において、AIプロジェクトのリスク評価で「高リスク」と判定された場合、どのような支援が行われますか？,answerable,reasoning,AIガバナンス室がリスク対応を支援します。また、判断の難しい未知のリスクが検知された場合には、社外有識者からなるAIアドバイザリーボードのメンバーに評価や対応策のアドバイスを求めます。,STEP2 では、“禁止レベル”、“高リスク”と判定された AI プロジェクトに対し、AI ガバナンス室がリスク対応を支援する。判断の難しい、未知の AI リスクが検知された際には、社外有識者からなる AI アドバイザリーボードのメンバーに、AI リスクの評価及び対応策についてアドバイスを求めている。,「AI事業者ガイドライン（第1.1版）別添」.pdf,79
Q0064,AI事業者ガイドライン（第1.1版）別添において、RAG（検索拡張生成）はどのように定義されていますか？,answerable,simple,RAGは、「事前学習されたパラメトリックメモリと非パラメトリックメモリ（すなわち検索ベースのメモリ）を組み合わせた言語生成モデル」と定義されています。,RAG は、「事前学習されたパラメトリックメモリと非パラメトリックメモリ（すなわち検索ベースのメモリ）を組み合わせた言語生成モデル」と定義されている。,「AI事業者ガイドライン（第1.1版）別添（概要）」.pdf,6
Q0065,AI事業者ガイドライン別添の「表2. AIシステム・サービス例」によると、A工業が導入した「不良品検知AI」において、AI開発者の役割を担っているのはどの主体ですか？,answerable,simple,B社（製造ソリューション）です。,不良品検知 AI ... AI 開発者 B 社（製造ソリューション）,「AI事業者ガイドライン（第1.1版）別添（概要）」.pdf,8
Q0066,AI事業者ガイドライン別添の「行動目標一覧」において、分類「3.システムデザイン」に含まれる4つの行動目標をすべて挙げてください。,answerable,reasoning,3-1 ゴール及び乖離の評価及び乖離対応の必須化、3-2 AI マネジメントの人材のリテラシー向上、3-3 各主体間・部門間の協力による AI マネジメント強化、3-4 予防・早期対応による利用者のインシデント関連の負担軽減の4つです。,3-1 ゴール及び乖離の評価及び乖離対応の必須化 3-2 AI マネジメントの人材のリテラシー向上 3-3 各主体間・部門間の協力による AI マネジメント強化 3-4 予防・早期対応による利用者のインシデント関連の負担軽減,「AI事業者ガイドライン（第1.1版）別添（概要）」.pdf,24
Q0067,AI事業者ガイドライン別添の「表4」に基づき、AI開発者（D）が「ハルシネーション等による誤った出力」というリスク例に対して「安全性」の指針で取り組むべき事項を3つ答えてください。,answerable,reasoning,i. 適切なデータの学習、ii.人間の生命・身体・財産、精神及び環境に配慮した開発、iii.適正利用に資する開発の3点です。,ハルシネーション等による誤った出力 2）安全性 i. 適切なデータの学習 ii.人間の生命・身体・財産、精神及び環境に配慮した開発 iii.適正利用に資する開発,「AI事業者ガイドライン（第1.1版）別添（概要）」.pdf,20
Q0068,AI事業者ガイドライン別添において、神戸市が「神戸市における AI の活用等に関する条例」を策定する際に参考とした具体的な外部資料は何ですか？,answerable,simple,AI 事業者ガイドライン及び EU の「AI 法（Artificial Intelligence Act）」です。,AI 条例を策定する際には、AI 事業者ガイドライン及び EU の「AI 法（Artificial Intelligence Act）」をもとに、同市が AI 利用者として果たすべき責務を盛り込んだ。,「AI事業者ガイドライン（第1.1版）別添（概要）」.pdf,82
Q0069,AI事業者ガイドライン別添の解説によると、AI開発者が「AI提供者」と「AI利用者」の両方に対して共通して行うべき「透明性」に関連する具体的な手法は何ですか？,answerable,multi_chunk,非技術者向けの説明資料（説明文書）の作成や、AIの動作原理・意思決定プロセスについての説明資料を用意することが挙げられています。,プライバシー及び営業秘密の保護のためには、例えば、非技術者向けの説明文書の作成が有用 ... 例えば、AI の動作原理及び意思決定プロセスについて、非技術者向けの説明資料を用意すること等が有用,「AI事業者ガイドライン（第1.1版）別添（概要）」.pdf,116
Q0070,ソフトバンクのAIガバナンスに関する取組において、2024年7月時点で「ソフトバンク AI 倫理ポリシー」を適用することを決定しているグループ会社の数はいくつですか？,answerable,simple,74社です。,2024 年 7 月時点で 74 社が適用を決定している。,「AI事業者ガイドライン（第1.1版）別添（概要）」.pdf,76
Q0071,AI事業者ガイドライン別添の「別添6」において、経済産業省が2025年2月に策定した、AIの利活用に関する契約検討のための資料の名称は何ですか？,answerable,simple,「AI の利用・開発に関する契約チェックリスト」（契約チェックリスト）です。,経済産業省は、2025 年 2 月、... 契約において留意するべき事項を取りまとめたチェックリスト（以下、「契約チェックリスト」という。）を策定した,「AI事業者ガイドライン（第1.1版）別添（概要）」.pdf,170
Q0072,AI事業者ガイドライン別添に記載されている、日本国内の主要なAI開発企業各社が支払っているAIガバナンス維持のための年間予算の平均額はいくらですか？,unanswerable,N/A,,,「AI事業者ガイドライン（第1.1版）別添（概要）」.pdf,
Q0073,AI事業者ガイドライン別添の「高度な AI システムの開発にあたって遵守すべき事項」において、2030年までに達成すべき具体的な数値目標はどのように設定されていますか？,unanswerable,N/A,,,「AI事業者ガイドライン（第1.1版）別添（概要）」.pdf,
Q0074,「AI事業者ガイドライン（第1.1版）」において定義されている「AIガバナンス」の目的は何ですか。,answerable,simple,AIの利活用によって生じるリスクをステークホルダーにとって受容可能な水準で管理しつつ、そこからもたらされる正のインパクト（便益）を最大化することを目的としています。,AI の利活用によって生じるリスクをステークホルダーにとって受容可能な水準で管理しつつ、そこからもたらされる正のインパクト（便益）を最大化することを目的とする,「AI事業者ガイドライン（第1.1版）本編」.pdf,11
Q0075,AI事業者ガイドラインにおける「AI利用者（AI Business User）」の役割には、業務外利用者が不利益を被る可能性がある場合にどのような努めが含まれますか。,answerable,simple,当該者に対するAIによる意図しない不利益の回避、およびAIによる便益最大化の実現に努める役割を担います。,業務外利用者に何らかの影響が考えられる場合は、当該者に対する AI による意図しない不利益の回避、AI による便益最大化の実現に努める役割を担う。,「AI事業者ガイドライン（第1.1版）本編」.pdf,6
Q0076,「AI事業者ガイドライン」の基本理念として掲げられている3つの社会的な価値（価値観）をすべて挙げてください。,answerable,reasoning,1. 人間の尊厳が尊重される社会（Dignity）、2. 多様な背景を持つ人々が多様な幸せを追求できる社会（Diversity and Inclusion）、3. 持続可能な社会（Sustainability）の3つです。,① 人間の尊厳が尊重される社会（Dignity）…② 多様な背景を持つ人々が多様な幸せを追求できる社会（Diversity and Inclusion）…③ 持続可能な社会（Sustainability）,「AI事業者ガイドライン（第1.1版）本編」.pdf,12
Q0077,AI事業者ガイドラインにおいて、AI開発者（D）とAI提供者（P）の両方に共通して求められる「セキュリティ確保」に関する重要事項は何ですか。,answerable,multi_chunk,両主体ともに「セキュリティ対策のための仕組みの導入」が求められています。開発者は開発過程での導入、提供者は実装過程での導入が具体的に挙げられています。,第3部 AI開発者：D-5）i. セキュリティ対策のための仕組みの導入 / 第4部 AI提供者：P-5）i. セキュリティ対策のための仕組みの導入,「AI事業者ガイドライン（第1.1版）本編」.pdf,"25,32,37"
Q0078,「高度なAIシステム」に関係する事業者が、AIライフサイクル全体のリスクを特定・評価・軽減するために採用すべき具体的なテスト手法として例示されているものは何ですか。,answerable,simple,レッドチーム等の様々な手法を組み合わせて、多様または独立した内外部テスト手段を採用することが挙げられています。,具体的には、レッドチーム等の様々な手法を組み合わせて、多様/独立した内外部テスト手段を採用すること,「AI事業者ガイドライン（第1.1版）本編」.pdf,26
Q0079,AI事業者ガイドライン（第1.1版）の策定にあたって統合・見直しの対象となった、以前の3つのガイドラインの名称をすべて答えてください。,answerable,reasoning,「国際的な議論のための AI 開発ガイドライン案」、「AI 利活用ガイドライン〜AI 利活用のためのプラクティカルリファレンス〜」、「AI 原則実践のためのガバナンス・ガイドライン Ver. 1.1」の3つです。,「国際的な議論のための AI 開発ガイドライン案」、「AI 利活用ガイドライン〜AI 利活用のためのプラクティカルリファレンス〜」及び…「AI 原則実践のためのガバナンス・ガイドライン Ver. 1.1」を策定・公表してきた。そして、このたび 3 つのガイドラインを統合・見直しし,「AI事業者ガイドライン（第1.1版）本編」.pdf,3
Q0080,AI事業者ガイドラインにおいて、AI利用者が「教育・リテラシー」に関して社会と連携して取り組むべき事項として、第5部で指定されている具体的な行動は何ですか。,answerable,multi_chunk,第5部（AI利用者に関する事項）の「表1」を確認すると、教育・リテラシー（8）の項目は「-」となっており、共通の指針（第2部C）に基づく対応が期待されていますが、利用者独自の追加事項は明記されていません。,表 1. 「共通の指針」に加えて主体毎に重要となる事項… 8）教育・リテラシー… 第 5 部 AI 利用者（U）… -,「AI事業者ガイドライン（第1.1版）本編」.pdf,25
Q0081,2023年12月に取りまとめられた「広島AIプロセス包括的政策枠組み」において、AI事業者ガイドラインはどのような貢献を意図していますか。,answerable,reasoning,国際的な共通理解及び指針の策定を主導した同プロセスへの貢献を意図するとともに、国際的な議論を踏まえながら検討された内容となっています。,本ガイドラインも同プロセスへの貢献を意図するとともに、同プロセスを含む国際的な議論を踏まえながら検討したものである。,「AI事業者ガイドライン（第1.1版）本編」.pdf,8
Q0082,AI事業者ガイドライン（第1.1版）に基づき、AIシステムを導入した際の運用保守費用に関する具体的な算定式を教えてください。,unanswerable,N/A,,,「AI事業者ガイドライン（第1.1版）本編」.pdf,
Q0083,総務省と経済産業省が発行した本ガイドラインにおいて、2030年時点での日本のAI市場規模の予測値はどのように記載されていますか。,unanswerable,N/A,,,「AI事業者ガイドライン（第1.1版）本編」.pdf,
Q0084,「AI事業者ガイドライン（第1.1版）」の策定において、土台として活用された原則の名称は何ですか？,answerable,simple,「人間中心のAI社会原則」です。,「AI事業者ガイドライン」は、「人間中心のAI社会原則」 を土台としつつ、我が国における3つのガイドラインを統合し、諸外国の動向や新技術の台頭を考慮して策定しました,「AI事業者ガイドライン（第1.1版）本編（概要）」.pdf,6
Q0085,AI事業者ガイドラインにおける「AI利用者」の定義を具体的に説明してください。,answerable,simple,事業活動において、AIシステム又はAIサービスを利用する事業者のことです。,AI利用者：事業活動において、AI システム又はAI サービスを利用する事業者,「AI事業者ガイドライン（第1.1版）本編（概要）」.pdf,3
Q0086,AI事業者ガイドラインの「共通の指針」のうち、「社会と連携した取組が期待される事項」に分類される3つの項目は何ですか？,answerable,reasoning,8) 教育・リテラシー、9) 公正競争確保、10) イノベーションの3項目です。,社会と連携した取組が期待される事項：8) 教育・リテラシー 9) 公正競争確保 10) イノベーション,「AI事業者ガイドライン（第1.1版）本編（概要）」.pdf,15
Q0087,AI開発者がデータ前処理・学習時に「データの質を管理するための相当の措置」を講じるべき理由として、どのようなリスクへの留意が挙げられていますか？,answerable,reasoning,学習データやモデルの学習過程においてバイアスが含まれうるというリスクに留意するためです。,学習データ、モデルの学習過程でバイアスが含まれうることに留意し、データの質を管理するための相当の措置を講じる,「AI事業者ガイドライン（第1.1版）本編（概要）」.pdf,20
Q0088,AI提供者がAIシステム実装時に行うべき「P-3) i. AIシステム・サービスの構成及びデータに含まれるバイアスへの配慮」に関する具体的な3つの取組内容を教えてください。,answerable,reasoning,1.データの公平性を担保しバイアスを検討すること、2.AIモデルの入出力・判断根拠を定期的に評価・モニタリングすること、3.利用者の判断を恣意的に制限するバイアスの可能性を検討すること、の3点です。,データの公平性を担保し、参照する情報、外部サービス等のバイアスを検討する/AIモデルの入出力及び判断根拠を定期的に評価し、バイアスの発生をモニタリングする/AIモデルの出力結果を受け取るAIシステム等において、利用者の判断を恣意的に制限するようなバイアスが含まれる可能性を検討する,「AI事業者ガイドライン（第1.1版）本編（概要）」.pdf,22
Q0089,AI事業者ガイドラインにおいて、AI開発者、AI提供者、AI利用者の全主体が共通して「高度なAIシステムに関係する事業者に共通の指針」を遵守する際に、各主体で共通して求められる役割と、開発者のみに適用される範囲の違いについて説明してください。,answerable,multi_chunk,全主体は「共通の指針」に加え、高度なAIシステムに関する指針を適切な範囲で遵守することが求められます。ただし、指針のI）〜XI）は高度なAIシステムを開発するAI開発者にのみ適用される内容が含まれます。一方で、XII)の「高度なAIシステムの信頼でき責任ある利用を促進し、貢献する」については、提供者や利用者も遵守すべき事項とされています。,I） ～ XI） は高度なAIシステムを開発するAI開発者にのみ適用される内容もあるため、各主体は適切な範囲で遵守することが求められます/高度な AI システムを取り扱うAI提供者は…XII)について遵守すべき/高度な AI システムを取り扱うAI利用者は…XII)について遵守すべき,「AI事業者ガイドライン（第1.1版）本編（概要）」.pdf,"18, 23, 24"
Q0090,"「AI事業者ガイドライン（第1.1版）」の構成において、本編（why, what）と別添（how）はそれぞれどのような役割を担っていますか？",answerable,multi_chunk,本編は「どのような社会を目指すのか（基本理念）」及び「どのような取組を行うか（指針）」を示し、別添は「具体的にどのようなアプローチで取り組むか（実践）」を示す解説書としての役割を担っています。,本編 ：「どのような社会を目指すのか（基本理念=why）」 及び「どのような取組を行うか（指針=what）」/別添（付属資料）：「具体的にどのようなアプローチで取り組むか（実践=how）」,「AI事業者ガイドライン（第1.1版）本編（概要）」.pdf,"2, 10"
Q0091,AI事業者ガイドラインの策定プロセスにおいて、パブリックコメント以外に「広く知見を収集」するために実施された具体的な手法は何ですか？,answerable,simple,100名程度の有識者（民間企業担当者、専門家、研究者、市民団体、消費者団体等）に対する意見照会です。,意見照会を通じて広く知見を収集：100名程度の有識者（民間企業担当者、専門家、研究者、市民団体、消費者団体 等）,「AI事業者ガイドライン（第1.1版）本編（概要）」.pdf,8
Q0092,AI事業者ガイドライン（第1.1版）において、ガイドラインを遵守しなかった事業者に対する具体的な罰則規定や過料の金額はどのように定められていますか？,unanswerable,N/A,,,「AI事業者ガイドライン（第1.1版）本編（概要）」.pdf,
Q0093,2025年3月発行のAI事業者ガイドライン（第1.1版）に基づき、2030年までに日本のAI市場規模を何兆円に拡大させるという数値目標が掲げられていますか？,unanswerable,N/A,,,「AI事業者ガイドライン（第1.1版）本編（概要）」.pdf,
Q0094,IPAの「2022年度調査」において、従業員100人以下の中小企業の中で「DXに取組む予定はない」と回答した企業の割合はどの程度ですか。,answerable,simple,従業員100人以下の中小企業では、「DXに取組む予定はない」と回答した企業が3割強存在します。,従業員 100 人以下の中小企業では、「DX に取組む予定はない」が 3 割強であり、従業員 101 人以上の企業の回答と比べて著しく高い。,日本の中小企業のDX推進についての考察.pdf,1
Q0095,「日本の中小企業のDX推進についての考察」によると、従業員100人以下の企業において「アナログ・物理データのデジタル化」の成果が「既に十分な成果が出ている」と回答した割合は、企業全体の平均と比較してどのような特徴がありますか。,answerable,reasoning,100人以下の企業における「既に十分な成果が出ている」という回答（24.1%）は、企業全体の平均（16.5%）を上回っています。,「アナログ・物理データのデジタル化」…では、100 人以下の「既に十分な成果が出ている」という回答が企業全体の平均を上回っている。,日本の中小企業のDX推進についての考察.pdf,2
Q0096,IPAが分析した「2022年度調査」のデータに基づき、従業員100人以下の企業で「DX成果あり」と判定されたグループと「DX取組なし」のグループの間で、「データ利活用」を「実施している」と回答した割合には何倍の差がありますか。,answerable,multi_chunk,DX成果ありの企業の「実施している」割合は、DX取組なしの企業の約4倍の差があります。図表-3および図表-7の分析から、成果あり群は72.4%に対し、取組なし群は18.6%となっています。,DX 成果ありの企業の「実施している」割合は DX 取組なしの企業の 4 倍程度と大きな差がある。,日本の中小企業のDX推進についての考察.pdf,6
Q0097,IPAの「2022年度調査」における日本企業アンケートにおいて、回答した543社の具体的な業種別内訳（製造業、サービス業などの社数）はどのように記載されていますか。,unanswerable,N/A,,,日本の中小企業のDX推進についての考察.pdf,
Q0098,令和7年8月19日に開催された「第1回 AI利活用における民事責任の在り方に関する研究会」において、事務局から検討対象の事例として示された2つの類型は何ですか。,answerable,simple,事務局からは、①「人の行為や判断に補助的にAIを活用する場合」と、②「AIが最終的な判断まで下す場合」の2つの事例が示されました。,資料中に①（人の行為や判断に補助的に AI を活用する場合）と②（AI が最終的な判断まで下す場合）の 2 つの事例が示されている,議事要旨（PDF形式：375KB）.pdf,1
Q0099,「第1回 AI利活用における民事責任の在り方に関する研究会」の議事要旨によると、専門家がAIを利用する場合と、想定事例1のドライバーB’がAIを利用する場合では、利用者の注意義務の程度にどのような違いがあると述べられていますか。,answerable,multi_chunk,弁護士などの専門家は依頼者に対して高度な注意義務を負っているため、想定事例1のドライバーB’と比較して、AIの出力を鵜呑みにせず自分自身で確かめる責任がより重いと解されています。,弁護士は依頼者に対して高度な注意義務を負っているため、想定事例 1 のドライバーB’と比較して、AI の出力を鵜呑みにせず、自分自身で確かめる責任はより重いと解される。,議事要旨（PDF形式：375KB）.pdf,4
Q0100,「第1回 AI利活用における民事責任の在り方に関する研究会」において、AIサービス開発事業者Bが提供するシステムの月額利用料金の具体的な上限額はいくらと設定されていますか。,unanswerable,N/A,,,議事要旨（PDF形式：375KB）.pdf,
Q0101,「第4回 AI利活用における民事責任の在り方に関する研究会」の議事要旨によると、AIエージェントが外部ツールやシステムと連携してアクションを起こす際、どのような観点からの言及を追加することが考えられると述べられていますか。,answerable,simple,AIエージェントが外部ツールやシステムと連携してアクションを起こす際のリスクの観点からの言及を追加することが考えられると述べられています。,AIエージェントが外部ツールやシステムと連携してアクションを起こす際のリスクの観点からの言及を追加することが考えられる。,議事要旨（PDF形式：406KB）.pdf,2
Q0102,「AI利活用における民事責任の在り方に関する研究会」の報告書案において、想定事例3（画像生成AI）と想定事例4（取引審査AI）の共通点および、利用者が負う義務の在り方が異なるとされる理由は何ですか。,answerable,reasoning,共通点は、AIの出力自体が権利侵害を内包し得るため利用者がそのまま出力結果を使ってはならないという点です。義務が異なる理由は、出力の権利侵害性や対処の必要性を人がどれだけ容易に判断できるかという点に違いがあるためです。,想定事例3、4は、AIの出力自体が権利侵害を内包し得るため、利用者がそのまま出力結果を使ってはならないという点で共通するが、出力の権利侵害性や対処の必要性をどれだけ人が容易に判断できるかという点に違いがあり,議事要旨（PDF形式：406KB）.pdf,2
Q0103,「第4回 AI利活用における民事責任の在り方に関する研究会」の議論において、「判断尊重型」という名称の代替案として挙げられた具体的な用語を、第2頁と第5頁の記載から全て抽出してください。,answerable,multi_chunk,第2頁では「AI出力重視型利用」、「受容」、「依拠」が、第5頁の座長総括では「出力依拠型」や「出力受容型」が代替案の候補として挙げられています。,「AI出力重視型利用」などが良いかもしれず（2頁）、「依拠」も考えられ（2頁）、「出力依拠型」や「出力受容型」等の他の候補（5頁）,議事要旨（PDF形式：406KB）.pdf,"2,5"
Q0104,令和8年1月14日に開催された「第4回 AI利活用における民事責任の在り方に関する研究会」において、事務局から提示された次回の第5回研究会の具体的な開催日程と場所はどこですか。,unanswerable,N/A,,,議事要旨（PDF形式：406KB）.pdf,
Q0105,令和7年10月1日に開催された「第2回 AI利活用における民事責任の在り方に関する研究会」において、AI利用時の注意義務の質的転換が認められるための具体的な条件として何が挙げられていますか？,answerable,reasoning,AIの精度が十分に高いことや、全件を人手で確認することが困難であるといった事情により、AIの利用に合理性が認められることが必要であると考えられています。,AI 利用時における注意義務の質的転換は無条件で認められるわけではなく、AI の精度が十分高いことや全件を人手で確認することが困難等の事情により、AI の利用に合理性が認められることが必要になると考えられる。,議事要旨（PDF形式：427KB）.pdf,2
Q0106,「第2回 AI利活用における民事責任の在り方に関する研究会」の議事要旨に基づき、想定事例3と想定事例4の両方で共通して指摘された「AI利用者」や「注意義務」に関する課題や論点を説明してください。,answerable,multi_chunk,想定事例3では「AI利用者」の定義が不明確である点や、過失の焦点が「個々の検査結果の確認」から「システム設計・運用」へ移ることが議論されました。想定事例4でも同様に「AI利用者」の定義の不明確さや、開発者の注意義務が通常の過失判断の延長として整理可能である点、また時間軸に沿ったアップデート義務の有無などが論点として挙げられています。座長総括では、これらを通じて注意義務が軽減されるわけではないことが強調されました。,「AI 利用者」の定義が不明確との指摘があった。…想定事例 3 では、過失判断の焦点が「個々の検査結果の確認」から「AI が望ましい作動をするためのシステム設計・運用」に移るとの理解が広く支持された。,議事要旨（PDF形式：427KB）.pdf,6
Q0107,第2回研究会の議事要旨において、画像生成AIの事例である「想定事例4」の立証上の論点として提案された、特許訴訟の仕組みを参考にした具体的な制度案は何ですか？,answerable,simple,営業秘密を理由とする不開示が想定されるため、特許訴訟におけるインカメラ手続のような仕組みの導入を立法論として検討することが挙げられています。,営業秘密を理由とする不開示が想定されるため、特許訴訟におけるインカメラ手続のような仕組みの導入を立法論として検討することが考えられる。,議事要旨（PDF形式：427KB）.pdf,5
Q0108,「第2回 AI利活用における民事責任の在り方に関する研究会」において、事務局から提示された「資料3」の15～23頁に記載されている、画像生成AIの具体的な開発コストと月額利用料金の推移はいくらですか？,unanswerable,N/A,,,議事要旨（PDF形式：427KB）.pdf,
Q0109,第3回 AI利活用における民事責任の在り方に関する研究会において、想定事例5（取引審査AIの事例）の説明に使用された資料3の該当ページは何ページから何ページまでですか？,answerable,simple,資料3の5ページから19ページに基づき説明が行われました。,資料 3 の 5～19 頁に基づき、事務局から想定事例 5（取引審査 AI の事例）について説明が行われた後、構成員による討議が行われた。,議事要旨（PDF形式：427KB）2.pdf,1
Q0110,AI利活用における民事責任の研究会において、AIによる差別が統計的な傾向として現れる性質を踏まえ、開発者と利用者の関係性についてどのようなインセンティブ設計が重要であると述べられていますか？,answerable,reasoning,AIによる差別は個々の出力に対して注意義務を課すことが現実的ではないため、単に注意義務を負わせるのではなく、開発者と利用者が協力してシステムを改善していくインセンティブ設計が重要であるとされています。,単に注意義務を負わせるのではなく、開発者と利用者が協力してシステムを改善していくインセンティブ設計が重要である。,議事要旨（PDF形式：427KB）2.pdf,2
Q0111,第3回 AI利活用における民事責任の在り方に関する研究会の議事要旨において、想定事例5と想定事例6のそれぞれで「安全性判断」や「因果関係」に関して共通して言及されている「統計的」な視点とはどのようなものですか？,answerable,multi_chunk,想定事例5では、AIの判断過程がブラックボックスであるため統計的なバイアス等を違法性判断の根拠とせざるを得ない点や、因果関係を確率的に評価する可能性が議論されています。想定事例6では、自動運転等の分野で走行距離あたりの事故率といった統計的な視点が有力であることや、統計的に安全性が担保されていれば直ちに欠陥と認定すべきではないという意見が出ています。,統計的なバイアスや公平性の指標の乖離を違法性判断の根拠とせざるを得ない。/ 走行距離あたりの事故率といった統計的な考え方も有力になっている。/ 統計的な安全性を重視する運用上の工夫が必要である。,議事要旨（PDF形式：427KB）2.pdf,"1,4,5"
Q0112,令和7年12月3日に開催された第3回 AI利活用における民事責任の在り方に関する研究会において、事務局が提示したAI損害賠償保険の具体的な保険料率案はどのような内容ですか？,unanswerable,N/A,,,議事要旨（PDF形式：427KB）2.pdf,
Q0113,2025年8月19日に開催された「第1回 AI利活用における民事責任の在り方に関する研究会」の事務局説明資料において、現状の課題として挙げられている3つの項目は何ですか？,answerable,simple,①予測可能性の向上、②ガバナンスの実効化、③迅速な事故処理の3点です。,現状の課題 ①予測可能性の向上 ②ガバナンスの実効化 ③迅速な事故処理,資料3　事務局説明資料 第１回.pdf,3
Q0114,AI利活用に伴う民事責任の検討において、損害論が主たる検討対象から除外されている理由は何ですか？,answerable,reasoning,AIの文脈においても従来の理論を援用しうることから、主たる検討対象とはされていません。,損害論については、AIの文脈でも従来の理論を援用しうることから、主たる検討対象とはしない,資料3　事務局説明資料 第１回.pdf,4
Q0115,想定事例1の「配送ルート最適化AIシステム」において、ドライバーB’が脱輪事故を起こした際、配送先Vに対してどのような損害が発生しましたか？,answerable,simple,大幅な遅配が生じると共に、衝撃で配送先V社への荷物が損壊し、代替品の調達等のための損害を被りました。,大幅な遅配が生ずると共に、その際の衝撃で配送先V社への荷物が損壊し、Vは代替品の調達等のための損害を被った。,資料3　事務局説明資料 第１回.pdf,8
Q0116,「AI利活用における民事責任の在り方に関する研究会」の資料に基づき、専門業務におけるAI利用（想定事例2）と通常業務（想定事例1）で、AI提供者の責任範囲に関する考え方の違いを説明してください。,answerable,multi_chunk,通常業務ではAI利用者が責任を負うのが原則ですが、専門業務では専門家が独立した正確な判断を下すことが前提となるため、AI提供者の説明義務違反や幇助責任の範囲は通常業務と比較して狭まり得るという違いがあります。,AIのサービス提供による幇助責任が成立する余地もあるが、その範囲は通常業務と比較すれば狭まり得る。,資料3　事務局説明資料 第１回.pdf,14
Q0117,想定事例2において、弁護士CがAIの出力を信頼し、和解を検討せずにVの利益最大化を図る方針を立てた際、AIが引用していた根拠の実際の内容はどうでしたか？,answerable,reasoning,AIは実在しない架空の裁判例を複数引用しており、実存する裁判例の大多数はVの主張に否定的なものでした。,当該AIは実在しない架空の裁判例を複数引用し、Vの立場を支える根拠としており、実存する裁判例としてはVの主張に否定的なものが大多数を占めていた。,資料3　事務局説明資料 第１回.pdf,12
Q0118,AI事業者ガイドライン（第1.1版）の「共通の指針」において、関連するステークホルダーへの情報提供として求められている項目を2つ挙げてください。,answerable,simple,「AIを利用しているという事実及び活用している範囲」や「AIシステム・サービスの能力、限界及び提供先における適正／不適正な利用方法」などが挙げられています。,AIを利用しているという事実及び活用している範囲、AIシステム・サービスの能力、限界及び提供先における適正／不適正な利用方法,資料3　事務局説明資料 第１回.pdf,17
Q0119,想定事例2の紛争において、架空の裁判例等の誤情報が実際に出力された事実を立証するために、弁護士Cから提出しうる証拠資料は何ですか？,answerable,simple,質問（prompt）、回答（completion）、時刻（timestamp）などを含む「API入出力ログ」です。,API入出力ログ（質問（prompt）、回答（completion）、時刻（timestamp）など）,資料3　事務局説明資料 第１回.pdf,20
Q0120,本研究会において、AIの「自律性」と「ブラックボックス性」はそれぞれどのように定義されていますか？,answerable,reasoning,自律性は「環境に応じて目的達成に必要な判断や行動を自ら選択し実行する能力を有すること」、ブラックボックス性は「入力と出力の対応関係や内部の推論過程が人間にとって理解困難または不透明であること」と定義されています。,1 環境に応じて目的達成に必要な判断や行動を自ら選択し実行する能力を有すること。 2 入力と出力の対応関係や内部の推論過程が人間にとって理解困難または不透明であること。,資料3　事務局説明資料 第１回.pdf,4
Q0121,AI利活用における民事責任の在り方に関する研究会において、AI開発者が負担すべき具体的な損害賠償額の算定式はどのように規定されていますか？,unanswerable,N/A,,,資料3　事務局説明資料 第１回.pdf,
Q0122,2025年8月開催の第1回研究会資料において、2030年までにAI関連の訴訟件数を何件削減することを目標としていますか？,unanswerable,N/A,,,資料3　事務局説明資料 第１回.pdf,
Q0123,2025年10月1日に開催された「第2回 AI利活用における民事責任の在り方に関する研究会」の事務局説明資料において、画像認識AIを用いた検品サービス（想定事例3）の事業者Bが負うべき注意義務の基準として示された、人手による検品の参考裁判例（平成26年3月14日東京地判）の内容は何ですか。,answerable,simple,平均的な注意力を有する者が同種作業で通常発見可能な異物の大部分を発見する程度の精度を有することが債務の内容となると判示されています。,検針作業の精度として、平均的な注意力を有する者が同種作業で通常発見可能な異物の大部分を発見する程度の精度を有することが債務の内容となると判示した。,資料3　事務局説明資料 第２回.pdf,7
Q0124,想定事例3の画像認識AIにおいて、特定の条件下で設定されていた1mm以上の異物に対する検出確率は何パーセントですか。,answerable,simple,約98％です。,上記AIは特定の条件下で1mm以上の異物に対する検出確率約98％となるように調整されていた。,資料3　事務局説明資料 第２回.pdf,6
Q0125,第2回研究会の資料に基づき、AI利用者が高精度なAIの誤出力に依拠した場合でも直ちに帰責されない可能性がある理由を2点挙げてください。,answerable,reasoning,1. AIの精度が十分に高く、一般に要求される人の作業水準を超えていること。2. 人の判断領域を増やすとかえって誤った判断を増やす結果となる可能性があること、の2点です。,① AIの精度が十分に高く、当該領域において一般に要求される人の作業水準を超えていること ② それゆえ、人の判断領域を増やすとかえって誤った判断を増やす結果となる可能性もあること,資料3　事務局説明資料 第２回.pdf,12
Q0126,画像生成AIの提供者Dがパブリシティ権侵害の共同不法行為責任（幇助責任）を問われる可能性があるのは、どのような状況下であると説明されていますか。,answerable,reasoning,AIモデルが特定の著名人の画像を生成しやすくなっているような状況下で、一定の権利侵害防止措置を講じていなかった場合に、共同不法行為責任を問われる可能性があります。,AIモデルが特定の著名人の画像を生成しやすくなっているような状況下では、一定の権利侵害防止措置を採るべき注意義務を負い、当該侵害防止措置を講じていなかった場合には共同不法行為責任を問われる可能性もある。,資料3　事務局説明資料 第２回.pdf,20
Q0127,想定事例4（画像生成AI）において、AI開発ベンダD社が元データが生成画像にそのまま反映されることを防ぐために講じていた具体的な技術的措置を2つ挙げてください。,answerable,simple,Re-captioning（リキャプショニング）と、潜在空間での学習です。,Re-captioningや潜在空間での学習等、元データが生成画像にそのまま反映されることを防ぐための措置を講じていた。,資料3　事務局説明資料 第２回.pdf,16
Q0128,AI利活用における民事責任の検討において、AIの機能・射程を踏まえた「類型A」と「類型B」の違いについて、AI利用者の過失判断の観点から説明してください。,answerable,multi_chunk,類型AはAIをあくまで業務判断の補助として用いるべき類型であり、利用者の判断が適切であったか否かで過失が判断され、AIへの依拠で過失が否定されることは考えにくいとされます。対して類型Bは、AIの精度が人の作業水準を上回っており、AIの出力を業務判断に援用することが尊重され得る類型であり、誤出力が生じても利用者に過失が認められない場合があり得ます。,A) AI利用者の判断が業務上適切なものであったか否かにより過失の有無が判断され、AIの出力に依拠したことで過失が否定されることは考えにくい。B) AIが結果として誤出力を生じた場合でも、AI利用者に過失が認められない場合があり得る。,資料3　事務局説明資料 第２回.pdf,14
Q0129,AI開発者が保有する文書のうち、営業秘密としての配慮が必要とされる「学習済みのAIモデルを構成するソースコードや学習済みパラメータ等」の開示の必要性について、資料ではどのように評価されていますか。,answerable,reasoning,企業のノウハウが反映されており営業秘密性が高い一方、モデル自体はブラックボックスであるため、開示されたとしても効果的な評価が困難であるとされています。,・企業のノウハウが反映されており営業秘密性が高い ・モデル自体はブラックボックスで、開示されたとしても効果的な評価が困難,資料3　事務局説明資料 第２回.pdf,28
Q0130,第1回研究会での意見を踏まえ、事務局が検討している「成果物の名称」の候補として、どのような表現が挙げられていますか。,answerable,multi_chunk,当初の「準則」より適切な表現として、「解釈の指針」、「考え方」、「指針」などが挙げられています。,成果物の名称は、「準則」より、「解釈の指針」や「考え方」等の表現が適切ではないか。最終的な成果物の名称は、「考え方」や「指針」等の位置づけの文書にすることも視野に入れ、改めて検討したい。,資料3　事務局説明資料 第２回.pdf,3
Q0131,想定事例4において、タレントVが主張している権利侵害の具体的な法的根拠は何ですか。また、その侵害を判断する基準として示されている最高裁判例の判断基準を1つ挙げてください。,answerable,multi_chunk,法的根拠はパブリシティ権（人格権由来）です。判断基準としては、専ら肖像等の有する顧客吸引力の利用を目的とする（例：商品等の広告として使用する）場合に違法となるとされています。,タレントVは自己のパブリシティ権が侵害されていると主張した。専ら肖像等の有する顧客吸引力の利用を目的とするといえる場合に、パブリシティ権を侵害するものとして、不法行為法上違法となる。,資料3　事務局説明資料 第２回.pdf,"16, 17"
Q0132,本資料に記載されている「AI利活用における民事責任の在り方に関する研究会」の第3回開催予定日と、そこで議論される具体的な想定事例5の内容を教えてください。,unanswerable,N/A,,,資料3　事務局説明資料 第２回.pdf,
Q0133,2026年1月14日に開催された「第4回 AI利活用における民事責任の在り方に関する研究会」の事務局説明資料において、AIの類型II（判断尊重型AI）と定義されるものの具体的な特徴は何ですか。,answerable,simple,AIの出力が人の判断や行動の全部又は一部を代替する前提で提供されており、AIの判断を尊重しながら用いることが予定されているという特徴があります。,類型Ⅱ：AIの出力が人の判断や行動の全部又は一部を代替する前提で提供されており、AIの判断を尊重しながら用いることが予定されているAI,資料3　事務局説明資料 第４回.pdf,7
Q0134,「AI利活用における民事責任の在り方に関する研究会」の資料によると、判断尊重型AIにおけるAI利用者の注意義務の対象は、補助利用型AIの場合と比較してどのように変化するとされていますか。,answerable,reasoning,補助利用型AIでは個々の状況下で適切な判断や行動を行うことが求められますが、判断尊重型AIでは、AIシステムを適正に用いるための体制構築及びその運用へと注意義務の対象が転換されます。,注意義務の対象は、適切な判断や行動を行うことからAIシステムを適正に用いるための体制構築及びその運用へと転換。,資料3　事務局説明資料 第４回.pdf,8
Q0135,第4回研究会の事務局説明資料に示されたスケジュールにおいて、修正版の報告書案が確定し、年度末を目処に公表されるまでの具体的なプロセスを説明してください。,answerable,multi_chunk,1月26日の週に修正版を展開し、1月末〜2月第1週を目処に報告書案を確定させます。その後、英訳やパブリックコメント等の手続を進めた上で、年度末を目処に公表する計画です。,② 追加のご意見を踏まえた修正版を1月26日（月）の週に展開、1月末〜2月第1週を目処に報告書案を確定 ③ 英訳やパブリックコメント等の手続を進めた上、年度末を目処に公表,資料3　事務局説明資料 第４回.pdf,6
Q0136,AIエージェントの想定事例において、学習教材販売業者Bが導入したAIが、社内マニュアルで「補助金の対象外」とされていたにもかかわらず「対象となる」と誤回答した直接的な原因は何ですか。,answerable,simple,インターネット上で当該補助金が広汎に適用されている情報等を検索した結果を踏まえて回答したことが原因です。,インターネット上で当該補助金が広汎に適用されている情報等を検索した結果を踏まえ、「補助の対象となる」と回答した。,資料3　事務局説明資料 第４回.pdf,9
Q0137,経済産業省の「AI利活用における民事責任の在り方に関する研究会」において、AI開発ベンダAが提供するマルチモーダルLLMの具体的なパラメータ数や学習データセットの詳細はどのように記載されていますか。,unanswerable,N/A,,,資料3　事務局説明資料 第４回.pdf,
Q0138,「AI利活用における民事責任の在り方に関する研究会」の第2回研究会において、専門家の注意義務についてどのような意見が出されましたか？,answerable,simple,認知科学の知見から、専門家であってもAIによる注意水準への影響は避けられないため、AIをどう活用すべきか判断する「適切な利用方法に関する高度な判断能力」こそが注意義務の中心となるべきという意見や、弁護士等の専門家は最終的な判断責任を自身が負うという基本線は揺るがないという意見が出されました。,認知科学の知見からは、専門家であってもAIによる注意水準への影響は避けられない。当該領域においてAIをどう活用すべきかを判断する「適切な利用方法に関する高度な判断能力」こそ、専門家としての注意義務の中心となるべきではないか。,資料3　事務局説明資料 第３回.pdf,3
Q0139,想定事例5の取引審査AIにおいて、AIサービス開発事業者A社が提供するAIサービスは、入居申込者をどのような3つのランクに分類しますか？,answerable,simple,①合格、②最終的な合否を人が判断する、③不合格の3ランクに分類します。,①合格、②最終的な合否を人が判断する、③不合格の3ランクに分類する。Aは当該AIサービスをクラウド形式で複数の不動産事業者に対し提供している。,資料3　事務局説明資料 第３回.pdf,6
Q0140,入居審査AIの統計的バイアスを評価する指標のうち、「Demographic Parity（合格比率の差）」の視点と具体例について説明してください。,answerable,reasoning,視点は「AIが合格と判定する割合が属性ごとに同じか」という点です。具体例としては、AIが合格と判断する割合が男性60%・女性40%であり、20%の乖離がある状態が挙げられます。,指標：Demographic Parity（合格比率の差） 視点：AIが合格と判定する割合が属性ごとに同じか 具体例：AIが合格と判断する割合が男性60%・女性40%であり20％の乖離がある,資料3　事務局説明資料 第３回.pdf,12
Q0141,想定事例6の自律走行ロボット（AMR）において、分岐a、分岐b、分岐cで発生した事故の内容をそれぞれ簡潔に述べてください。,answerable,multi_chunk,分岐aはAMRが前方の従業員Vに衝突し負傷させた事故、分岐bは自己診断AIの誤診断により機体が発火・延焼した事故、分岐cは運用過程のアップデートにおけるソフトウェアのバグにより事故が生じたケースです。,【分岐a】AMRの前方にいた従業員Vに衝突し、負傷させた。【分岐b】バッテリの温度上昇に関する誤った診断を作業員に伝えた結果、機体が発火し延焼した。【分岐c】運用過程におけるアップデートにおいてソフトウェアに重大なバグが混入し事故が生じた。,資料3　事務局説明資料 第３回.pdf,21
Q0142,製造物責任法における「欠陥」の三類型について、AMRなどのロボットに当てはめた場合、それぞれどのような内容になりますか？,answerable,reasoning,「製造上の欠陥」は設計・仕様どおりに作られず安全性を欠く場合、「設計上の欠陥」は設計段階で安全性への配慮が不十分で安全性を欠く結果となった場合、「指示・警告上の欠陥」は除去し得ない危険性について適切な情報を製造者が与えない場合を指します。,製造上の欠陥：製造物が設計・仕様どおりに作られず安全性を欠く場合 設計上の欠陥：製造物の設計段階で十分に安全性に配慮しなかったために、製造物が安全性に欠ける結果となった場合 指示・警告上の欠陥：その危険性の発現による事故を消費者側で防止・回避するのに適切な情報を製造者が与えない場合,資料3　事務局説明資料 第３回.pdf,24
Q0143,AMRの欠陥判断において、「製造物の表示」に関する視点ではどのような説明がなされていますか？,answerable,simple,衝突の危険性等は外部から認知しやすいものの、技術的な設計内容や予想外の挙動をしやすい状況については外部から推知することが困難であるため、リスクに関する慎重な説明が求められやすいとされています。,衝突の危険性等は外部から認知しやすいが、安全性に影響する技術的な設計内容や予想外の挙動をしやすい状況等については外部から推知することが困難であり、リスクに関する慎重な説明が求められやすい,資料3　事務局説明資料 第３回.pdf,25
Q0144,自律走行ロボット（AMR）の事故における立証手段として、メーカー（C）の責任を検証するために重要と考えられる資料にはどのようなものがありますか？,answerable,reasoning,運行ログ・イベントログ（速度や停止の機能状況）、車載センサ・カメラの記録・映像、事故現場の監視カメラ映像などが重要な資料として挙げられています。,・運行ログ・イベントログ等、速度や停止の機能状況等を示す記録 ・車載センサ・カメラの記録・映像 ・事故現場の監視カメラ映像 等,資料3　事務局説明資料 第３回.pdf,36
Q0145,想定事例5と6において、AI開発者・提供者が適切な注意を払っていたことを示すために共通して重要とされる「AI事業者ガイドライン」に関連する証拠は何ですか？,answerable,multi_chunk,AIモデルのバイアスの概要や低減措置に関する書面（事例5）、およびリスクアセスメントの結果やそれに基づき設計された運用マニュアル等の文書（事例6）が、ガイドラインに求められる措置を講じていたことを示す重要な証拠となります。,事例5：公平性評価レポートその他AIモデルのバイアスの概要に関する書面。事例6：リスクアセスメントの結果を記載した文書、リスクアセスメントに基づき設計された現場レイアウトや運用マニュアル等の内容を示す文書 等,資料3　事務局説明資料 第３回.pdf,"19,36"
Q0146,2025年12月3日時点の日本国内における、自律走行ロボット（AMR）専用の強制的な賠償責任保険制度の具体的な保険料率について教えてください。,unanswerable,N/A,,,資料3　事務局説明資料 第３回.pdf,
Q0147,事務局説明資料に記載されている「想定事例5：取引審査AI」において、A社が提供するAIサービスの月額利用料金はいくらですか？,unanswerable,N/A,,,資料3　事務局説明資料 第３回.pdf,
